Id,full_name,gender,email,date,,
1,Chanthy Hit,Male,chanthy_hit@example.com,2023-11-01,,
2,Alice Johnson,Male,alice_johnson@example.com,2023-11-01,,
3,Bob Smith,Female,bob_smith@example.com,2023-11-02,,
4,Charlie Brown,Male,charlie_brown@example.com,2023-11-03,,
5,David Lee,Female,david_lee@example.com,2023-11-01,,
6,Eve Davis,Male,eve_davis@example.com,2023-11-01,,
7,Frank Wilson,Female,frank_wilson@example.com,2023-11-02,,
8,Grace Martinez,Male,grace_martinez@example.com,2023-11-03,,
9,Henry Taylor,Female,henry_taylor@example.com,2023-11-01,,
10,Isabella Harris,Male,isabella_harris@example.com,2023-11-01,,
11,Jack Anderson,Female,jack_anderson@example.com,2023-11-02,,
12,Katherine Clark,Male,katherine_clark@example.com,2023-11-03,,
13,Liam Martin,Female,liam_martin@example.com,2023-11-01,,
14,Olivia White,Male,olivia_white@example.com,2023-11-01,,
15,Mason Jones,Female,mason_jones@example.com,2023-11-02,,
16,Emma Rodriguez,Male,emma_rodriguez@example.com,2023-11-03,,
17,Noah Lewis,Female,noah_lewis@example.com,2023-11-03,,
18,Sophia Scott,Male,sophia_scott@example.com,2023-11-01,,
19,Oliver Walker,Female,oliver_walker@example.com,2023-11-01,,
20,Mia Hall,Male,mia_hall@example.com,2023-11-02,,
21,William Green,Female,william_green@example.com,2023-11-03,,
22,Ava Baker,Male,ava_baker@example.com,2023-11-01,,
23,Samuel King,Female,samuel_king@example.com,2023-11-01,,
24,Charlotte Turner,Male,charlotte_turner@example.com,2023-11-02,,
25,Benjamin Young,Female,benjamin_young@example.com,2023-11-03,,
26,Emily Wright,Male,emily_wright@example.com,2023-11-01,,
27,Alexander Hill,Female,alexander_hill@example.com,2023-11-01,,
28,Sofia Phillips,Male,sofia_phillips@example.com,2023-11-02,,
29,James Carter,Female,james_carter@example.com,2023-11-03,,
30,Abigail Brown,Male,abigail_brown@example.com,2023-11-01,,
31,Elijah Turner,Female,elijah_turner@example.com,2023-11-01,,
32,Elizabeth Wilson,Male,elizabeth_wilson@example.com,2023-11-02,,
33,Ethan Hall,Female,ethan_hall@example.com,2023-11-03,,
34,Harper Davis,Male,harper_davis@example.com,2023-11-01,,
35,Michael Jackson,Female,michael_jackson@example.com,2023-11-01,,
36,Madison Parker,Male,madison_parker@example.com,2023-11-02,,
37,Daniel White,Female,daniel_white@example.com,2023-11-03,,
38,Avery Miller,Male,avery_miller@example.com,2023-11-03,,
39,Joseph Martinez,Female,joseph_martinez@example.com,2023-11-01,,
40,Lily Smith,Male,lily_smith@example.com,2023-11-01,,
41,Christopher Johnson,Female,christopher_johnson@example.com,2023-11-02,,
42,Amelia Anderson,Male,amelia_anderson@example.com,2023-11-03,,
43,Matthew Adams,Female,matthew_adams@example.com,2023-11-01,,
44,Grace Harris,Male,grace_harris@example.com,2023-11-02,,
45,Samuel Martinez,Female,samuel_martinez@example.com,2023-11-03,,
46,Natalie Wilson,Male,natalie_wilson@example.com,2023-11-01,,
47,William Davis,Female,william_davis@example.com,2023-11-01,,
48,Addison Thomas,Male,addison_thomas@example.com,2023-11-02,,
49,Nicholas Clark,Female,nicholas_clark@example.com,2023-11-03,,
50,Sophia King,Male,sophia_king@example.com,2023-11-01,,
51,Alexander Lewis,Female,alexander_lewis@example.com,2023-11-01,,